"Sample","Actual","Predicted","Error"
"o_Naph",20,-41.1565176442848,61.1565176442848
"p_azide",70,50.1815902243085,19.8184097756915
"p_I",93,67.0237377763448,25.9762622236552
"p_Me",21,35.5196333292379,-14.5196333292379
"p_SCF3",73,81.3292826783381,-8.32928267833807
