"Sample","Actual","Predicted","Error"
"o_Naph",41,18.6132935063317,22.3867064936683
"p_azide",19,44.111740161184,-25.111740161184
"p_Cl",29,31.3100287374986,-2.31002873749857
"p_I",36,32.2373599331676,3.76264006683243
"p_SCF3",32,44.7648544138147,-12.7648544138147
