"Sample","Actual","Predicted","Error"
"m_Br",58,79.3948320736681,-21.3948320736681
"m_Me",78,54.0226989888804,23.9773010111196
"o_nitro",23,116.029458966834,-93.0294589668342
"p_Cl",75,64.6074876685364,10.3925123314636
"p_tfm",78,60.3178063125828,17.6821936874172
