"Sample","Actual","Predicted","Error"
"m_Br",58,51.170523844665,6.82947615533499
"m_Me",78,49.0057666683104,28.9942333316896
"o_nitro",23,168.521502913411,-145.521502913411
"p_Cl",75,44.7109761169424,30.2890238830576
"p_tfm",78,54.6377497279499,23.3622502720501
