"Sample","Actual","Predicted","Error"
"o_Naph",20,-13.4761613943261,33.4761613943261
"p_azide",70,60.6041489471422,9.39585105285778
"p_I",93,71.1090466718459,21.8909533281541
"p_Me",21,24.3165094722765,-3.31650947227654
"p_SCF3",73,74.1320476948789,-1.13204769487891
