"Sample","Actual","Predicted","Error"
"m_Br",58,66.4726479906236,-8.47264799062361
"m_Me",78,10.3374136139479,67.6625863860521
"o_nitro",23,90.5638810436579,-67.5638810436579
"p_Cl",75,67.3658533383955,7.63414666160446
"p_tfm",78,50.0907150368715,27.9092849631285
