"Sample","Actual","Predicted","Error"
"o_Naph",41,19.419036603634,21.580963396366
"p_azide",19,26.5786594364803,-7.57865943648034
"p_Cl",29,25.3558349876085,3.64416501239146
"p_I",36,27.1320152762368,8.86798472376316
"p_SCF3",32,25.5710777862719,6.42892221372815
