"Sample","Actual","Predicted","Error"
"o_Naph",41,19.1841612523797,21.8158387476203
"p_azide",19,14.7441382264761,4.25586177352388
"p_Cl",29,18.9496333954925,10.0503666045075
"p_I",36,21.6708275326476,14.3291724673524
"p_SCF3",32,46.083234771955,-14.083234771955
