"Sample","Actual","Predicted","Error"
"m_Br",58,81.0793138574311,-23.0793138574311
"m_Me",78,71.9630670972188,6.0369329027812
"o_nitro",23,51.4784487361307,-28.4784487361307
"p_Cl",75,71.4372953039596,3.56270469604037
"p_tfm",78,68.2898823262841,9.7101176737159
