"Sample","Actual","Predicted","Error"
"o_Naph",41,14.4133371097547,26.5866628902453
"p_azide",19,13.0368076578216,5.96319234217844
"p_Cl",29,21.3245598785979,7.67544012140211
"p_I",36,26.1001634380573,9.89983656194272
"p_SCF3",32,34.0150645090782,-2.0150645090782
