"Sample","Actual","Predicted","Error"
"m_Br",58,61.5241392499954,-3.52413924999538
"m_Me",78,33.4232558345157,44.5767441654843
"o_nitro",23,-33.5802744859741,56.5802744859741
"p_Cl",75,73.2499319642455,1.75006803575452
"p_tfm",78,61.9536198367607,16.0463801632393
