"Sample","Actual","Predicted","Error"
"o_Naph",20,42.4820314678027,-22.4820314678027
"p_azide",70,51.8736877792749,18.1263122207251
"p_I",93,61.864396002395,31.135603997605
"p_Me",21,52.6709837208864,-31.6709837208864
"p_SCF3",73,42.227474274596,30.772525725404
