"Sample","Actual","Predicted","Error"
"o_Naph",41,23.3720945689375,17.6279054310625
"p_azide",19,35.0024657416248,-16.0024657416248
"p_Cl",29,29.0156309724678,-0.015630972467779
"p_I",36,27.4402521534288,8.55974784657122
"p_SCF3",32,31.2815946608319,0.718405339168051
