"Sample","Actual","Predicted","Error"
"m_Br",58,73.961920443548,-15.961920443548
"m_Me",78,85.21594538162,-7.21594538162005
"o_nitro",23,71.1580868983641,-48.1580868983641
"p_Cl",75,56.7583222088565,18.2416777911435
"p_tfm",78,59.4299595399408,18.5700404600592
