"Sample","Actual","Predicted","Error"
"o_Naph",20,52.2294453078952,-32.2294453078952
"p_azide",70,-8.33657770432022,78.3365777043202
"p_I",93,75.5931205316504,17.4068794683496
"p_Me",21,51.0613661030437,-30.0613661030437
"p_SCF3",73,36.2933813729636,36.7066186270364
