"Sample","Actual","Predicted","Error"
"o_Naph",20,-16.6606089872185,36.6606089872185
"p_azide",70,50.8015654758929,19.1984345241071
"p_I",93,67.8235571195851,25.1764428804149
"p_Me",21,25.8998869527769,-4.89988695277694
"p_SCF3",73,85.9498121935328,-12.9498121935328
