"Sample","Actual","Predicted","Error"
"o_Naph",20,-320.341564942158,340.341564942158
"p_azide",70,62.1990448317128,7.80095516828722
"p_I",93,79.8332139897659,13.1667860102341
"p_Me",21,29.1379278821759,-8.13792788217592
"p_SCF3",73,344.954781196761,-271.954781196761
