"Sample","Actual","Predicted","Error"
"o_Naph",20,-5.55664500279412,25.5566450027941
"p_azide",70,57.9078306088665,12.0921693911335
"p_I",93,56.1812793167571,36.8187206832429
"p_Me",21,43.7698377620113,-22.7698377620113
"p_SCF3",73,73.1786206206856,-0.178620620685606
