"Sample","Actual","Predicted","Error"
"o_Naph",41,37.4452988208597,3.5547011791403
"p_azide",19,34.8759352513602,-15.8759352513602
"p_Cl",29,37.1788771733314,-8.17887717333139
"p_I",36,34.2979717276161,1.70202827238391
"p_SCF3",32,48.3932515790614,-16.3932515790614
