"Sample","Actual","Predicted","Error"
"m_Br",58,74.0947190776814,-16.0947190776814
"m_Me",78,63.9942465807886,14.0057534192114
"o_nitro",23,20.1687842115379,2.83121578846208
"p_Cl",75,58.1310177202415,16.8689822797585
"p_tfm",78,47.383751910086,30.616248089914
