"Sample","Actual","Predicted","Error"
"o_Naph",41,28.6169964276511,12.3830035723489
"p_azide",19,25.6656275903512,-6.66562759035118
"p_Cl",29,23.7354725778873,5.26452742211266
"p_I",36,25.6583330023344,10.3416669976656
"p_SCF3",32,24.980948599022,7.01905140097798
