"Sample","Actual","Predicted","Error"
"o_Naph",20,-20.7373426992015,40.7373426992015
"p_azide",70,66.994718629693,3.00528137030699
"p_I",93,79.9046295887297,13.0953704112703
"p_Me",21,32.4135360164585,-11.4135360164585
"p_SCF3",73,101.876240402677,-28.8762404026771
