"Sample","Actual","Predicted","Error"
"m_Br",58,56.2379623091271,1.76203769087294
"m_Me",78,78.3076736565401,-0.307673656540146
"o_nitro",23,7.12443060696473,15.8755693930353
"p_Cl",75,57.2467173076341,17.7532826923659
"p_tfm",78,50.6825956508597,27.3174043491403
