"Sample","Actual","Predicted","Error"
"o_Naph",20,-24.7948968300428,44.7948968300428
"p_azide",70,58.2870650853668,11.7129349146332
"p_I",93,67.1108478145219,25.8891521854781
"p_Me",21,33.8658072186746,-12.8658072186746
"p_SCF3",73,76.9415674196528,-3.9415674196528
