"Sample","Actual","Predicted","Error"
"o_Naph",41,53.7023006062482,-12.7023006062482
"p_azide",19,33.2080723714712,-14.2080723714712
"p_Cl",29,27.5777177464637,1.42228225353634
"p_I",36,28.5868840051222,7.41311599487781
"p_SCF3",32,35.2478585436766,-3.24785854367659
