"Sample","Actual","Predicted","Error"
"m_Br",58,65.1054398431146,-7.10543984311458
"m_Me",78,86.0696104833528,-8.0696104833528
"o_nitro",23,124.35447670613,-101.35447670613
"p_Cl",75,60.7916651138126,14.2083348861874
"p_tfm",78,58.1556183414601,19.8443816585399
