"Sample","Actual","Predicted","Error"
"o_Naph",41,12.5888825347595,28.4111174652405
"p_azide",19,23.9108573217269,-4.91085732172687
"p_Cl",29,25.0817798207698,3.91822017923021
"p_I",36,24.2620794915005,11.7379205084995
"p_SCF3",32,30.2115281763128,1.78847182368721
