"Sample","Actual","Predicted","Error"
"m_Br",58,69.9387155499624,-11.9387155499624
"m_Me",78,41.2384492867801,36.7615507132199
"o_nitro",23,38.2762145241992,-15.2762145241992
"p_Cl",75,69.4058076784774,5.59419232152264
"p_tfm",78,63.691429955068,14.308570044932
