"Sample","Actual","Predicted","Error"
"o_Naph",41,26.7590419597209,14.2409580402791
"p_azide",19,28.9472712526023,-9.94727125260227
"p_Cl",29,27.3376152310796,1.66238476892041
"p_I",36,27.2875730987575,8.71242690124248
"p_SCF3",32,27.1368262180211,4.86317378197891
