"Sample","Actual","Predicted","Error"
"o_Naph",20,3.93010202604958,16.0698979739504
"p_azide",70,63.0812186140643,6.91878138593572
"p_I",93,80.6421530068868,12.3578469931132
"p_Me",21,32.717239744393,-11.717239744393
"p_SCF3",73,79.5656332980734,-6.56563329807337
