"Sample","Actual","Predicted","Error"
"o_Naph",41,23.7955976691392,17.2044023308608
"p_azide",19,36.7597573370177,-17.7597573370177
"p_Cl",29,28.8671296688762,0.132870331123762
"p_I",36,26.7852822047022,9.21471779529778
"p_SCF3",32,33.7161041787574,-1.7161041787574
