"Sample","Actual","Predicted","Error"
"o_Naph",41,50.8058837249548,-9.80588372495475
"p_azide",19,36.5530980600574,-17.5530980600574
"p_Cl",29,32.0913791870712,-3.0913791870712
"p_I",36,31.8137418997421,4.18625810025791
"p_SCF3",32,43.9681074459742,-11.9681074459742
