"Sample","Actual","Predicted","Error"
"o_Naph",20,-7.01929193416296,27.019291934163
"p_azide",70,1.56918723980793,68.4308127601921
"p_I",93,120.399398208529,-27.3993982085289
"p_Me",21,58.0531469546117,-37.0531469546117
"p_SCF3",73,50.4986404282033,22.5013595717967
