"Sample","Actual","Predicted","Error"
"o_Naph",20,28.1532406821893,-8.15324068218933
"p_azide",70,78.0678686524403,-8.06786865244034
"p_I",93,68.7104410113209,24.2895589886791
"p_Me",21,48.4264448952981,-27.4264448952981
"p_SCF3",73,61.8526461290595,11.1473538709405
