"Sample","Actual","Predicted","Error"
"o_Naph",20,14.9243984000062,5.07560159999383
"p_azide",70,56.1116291991759,13.8883708008241
"p_I",93,79.9429531625869,13.0570468374131
"p_Me",21,34.1954982144074,-13.1954982144074
"p_SCF3",73,46.833957162469,26.166042837531
