"Sample","Actual","Predicted","Error"
"m_Br",58,60.3644867336579,-2.36448673365793
"m_Me",78,95.6654404660848,-17.6654404660848
"o_nitro",23,-80.775887428283,103.775887428283
"p_Cl",75,64.1185554300316,10.8814445699684
"p_tfm",78,52.0823392268028,25.9176607731972
