"Sample","Actual","Predicted","Error"
"o_Naph",41,3.96292934589108,37.0370706541089
"p_azide",19,32.4392316017431,-13.4392316017431
"p_Cl",29,26.9150361197156,2.08496388028437
"p_I",36,29.4299385193732,6.57006148062682
"p_SCF3",32,70.4279123618878,-38.4279123618878
