"Sample","Actual","Predicted","Error"
"o_Naph",20,-21.5657549821156,41.5657549821156
"p_azide",70,83.498893660689,-13.498893660689
"p_I",93,79.0955641907848,13.9044358092152
"p_Me",21,28.5921906900698,-7.59219069006985
"p_SCF3",73,110.20163145711,-37.2016314571099
