"Sample","Actual","Predicted","Error"
"o_Naph",20,150.984444759497,-130.984444759497
"p_azide",70,66.7896142369057,3.21038576309434
"p_I",93,73.9471435888582,19.0528564111418
"p_Me",21,43.3528721876001,-22.3528721876001
"p_SCF3",73,433.873236803957,-360.873236803957
