"Sample","Actual","Predicted","Error"
"o_Naph",20,46.8759307646374,-26.8759307646374
"p_azide",70,50.4165346214016,19.5834653785984
"p_I",93,75.7773916615089,17.2226083384911
"p_Me",21,18.1828910440817,2.81710895591833
"p_SCF3",73,74.5064789591995,-1.50647895919947
