"Sample","Actual","Predicted","Error"
"m_Br",58,74.7458069035625,-16.7458069035625
"m_Me",78,51.8211876612388,26.1788123387612
"o_nitro",23,51.9500469409532,-28.9500469409532
"p_Cl",75,64.895209497877,10.104790502123
"p_tfm",78,63.5462744717238,14.4537255282762
