"Sample","Actual","Predicted","Error"
"o_Naph",20,-7.6047617345094,27.6047617345094
"p_azide",70,56.8562572611846,13.1437427388154
"p_I",93,65.9031210967495,27.0968789032505
"p_Me",21,27.5170174216384,-6.5170174216384
"p_SCF3",73,77.0053177845445,-4.0053177845445
