"Sample","Actual","Predicted","Error"
"o_Naph",41,48.2389607163704,-7.23896071637044
"p_azide",19,34.3802815195751,-15.3802815195751
"p_Cl",29,30.1243215921319,-1.12432159213188
"p_I",36,28.9456401131112,7.05435988688881
"p_SCF3",32,44.2395840901808,-12.2395840901808
