"Sample","Actual","Predicted","Error"
"m_Br",58,66.1438442851314,-8.14384428513142
"m_Me",78,17.2096064829562,60.7903935170438
"o_nitro",23,125.960914944126,-102.960914944126
"p_Cl",75,49.2758389586287,25.7241610413713
"p_tfm",78,36.9859371418393,41.0140628581607
