"Sample","Actual","Predicted","Error"
"o_Naph",41,5.48404462473283,35.5159553752672
"p_azide",19,38.3616777357527,-19.3616777357527
"p_Cl",29,30.6308993822588,-1.63089938225878
"p_I",36,30.8369252326644,5.16307476733558
"p_SCF3",32,39.5860387948141,-7.58603879481407
