"Sample","Actual","Predicted","Error"
"o_Naph",20,-57.1565906697925,77.1565906697925
"p_azide",70,62.9638674539526,7.03613254604745
"p_I",93,77.6150724597239,15.3849275402761
"p_Me",21,45.665133979293,-24.665133979293
"p_SCF3",73,89.6724909210926,-16.6724909210926
