"Sample","Actual","Predicted","Error"
"o_Naph",41,64.0518412844493,-23.0518412844493
"p_azide",19,35.1283540827751,-16.1283540827751
"p_Cl",29,30.4870920042486,-1.48709200424856
"p_I",36,33.1250847594326,2.87491524056745
"p_SCF3",32,43.9654630215953,-11.9654630215953
