"Sample","Actual","Predicted","Error"
"m_Br",58,72.816381093175,-14.816381093175
"m_Me",78,57.5620672295035,20.4379327704965
"o_nitro",23,-16.7756359161087,39.7756359161087
"p_Cl",75,64.6632994116252,10.3367005883748
"p_tfm",78,60.1955489753991,17.8044510246009
