"Sample","Actual","Predicted","Error"
"m_Br",58,64.533674716408,-6.53367471640799
"m_Me",78,26.0868617844802,51.9131382155198
"o_nitro",23,184.429566610584,-161.429566610584
"p_Cl",75,66.0199433058921,8.98005669410794
"p_tfm",78,59.6032796346107,18.3967203653893
