"Sample","Actual","Predicted","Error"
"o_Naph",41,83.8162449933448,-42.8162449933448
"p_azide",19,34.2906529214552,-15.2906529214552
"p_Cl",29,23.8952548862728,5.10474511372725
"p_I",36,24.4790823585251,11.5209176414749
"p_SCF3",32,40.3708195511627,-8.37081955116271
