"Sample","Actual","Predicted","Error"
"o_Naph",41,50.4731863556667,-9.47318635566671
"p_azide",19,36.3252955743698,-17.3252955743698
"p_Cl",29,29.05708007107,-0.0570800710700361
"p_I",36,30.7574335345393,5.24256646546069
"p_SCF3",32,42.6936486646939,-10.6936486646939
