"Sample","Actual","Predicted","Error"
"o_Naph",41,38.5605018305218,2.43949816947816
"p_azide",19,25.1601665557319,-6.16016655573189
"p_Cl",29,28.3746339758341,0.625366024165935
"p_I",36,26.4556051329162,9.54439486708382
"p_SCF3",32,27.0404924714099,4.95950752859008
