"Sample","Actual","Predicted","Error"
"m_Br",58,71.5026214004546,-13.5026214004546
"m_Me",78,56.6600084424734,21.3399915575266
"o_nitro",23,80.9573239282686,-57.9573239282686
"p_Cl",75,61.7055266181617,13.2944733818383
"p_tfm",78,55.8916579818962,22.1083420181038
