"Sample","Actual","Predicted","Error"
"o_Naph",20,40.4680181543708,-20.4680181543708
"p_azide",70,48.0988373483182,21.9011626516818
"p_I",93,77.2316413608304,15.7683586391696
"p_Me",21,19.4399595175696,1.56004048243041
"p_SCF3",73,75.2399681467853,-2.23996814678532
