"Sample","Actual","Predicted","Error"
"m_Br",58,67.4948089461995,-9.49480894619948
"m_Me",78,74.0025950530446,3.99740494695536
"o_nitro",23,246.760365002057,-223.760365002057
"p_Cl",75,62.1080363301444,12.8919636698556
"p_tfm",78,65.7109768263562,12.2890231736438
