"Sample","Actual","Predicted","Error"
"o_Naph",41,36.4862223765899,4.51377762341014
"p_azide",19,30.3232903167701,-11.3232903167701
"p_Cl",29,24.947049148101,4.05295085189904
"p_I",36,23.5341908581764,12.4658091418236
"p_SCF3",32,39.8029330924811,-7.80293309248113
