"Sample","Actual","Predicted","Error"
"m_Br",58,63.8094286944864,-5.80942869448641
"m_Me",78,8.24233947172115,69.7576605282788
"o_nitro",23,75.5172184509724,-52.5172184509724
"p_Cl",75,73.1928992502992,1.80710074970077
"p_tfm",78,62.2016486933297,15.7983513066703
