"Sample","Actual","Predicted","Error"
"m_Br",58,73.3897488837151,-15.3897488837151
"m_Me",78,89.9152616135438,-11.9152616135438
"o_nitro",23,42.0929949812856,-19.0929949812856
"p_Cl",75,72.1275800760985,2.87241992390153
"p_tfm",78,57.19120648566,20.80879351434
