"Sample","Actual","Predicted","Error"
"o_Naph",41,1.92135771319251,39.0786422868075
"p_azide",19,32.6267899940003,-13.6267899940003
"p_Cl",29,34.0044080444591,-5.00440804445913
"p_I",36,32.3114708986838,3.6885291013162
"p_SCF3",32,58.7950645031332,-26.7950645031332
