"Sample","Actual","Predicted","Error"
"o_Naph",41,7.1468746978604,33.8531253021396
"p_azide",19,26.7573097132277,-7.75730971322773
"p_Cl",29,29.2082097201631,-0.208209720163076
"p_I",36,31.0549739403078,4.94502605969223
"p_SCF3",32,52.7820526238402,-20.7820526238402
