"Sample","Actual","Predicted","Error"
"o_Naph",41,-13.1348942617889,54.1348942617889
"p_azide",19,47.2170453840885,-28.2170453840885
"p_Cl",29,45.4400174657146,-16.4400174657146
"p_I",36,37.8027108376463,-1.80271083764627
"p_SCF3",32,28.2989571679259,3.70104283207409
