"Sample","Actual","Predicted","Error"
"m_Br",58,71.2704660481291,-13.2704660481291
"m_Me",78,46.3721546104752,31.6278453895248
"o_nitro",23,13.8223139181195,9.17768608188054
"p_Cl",75,62.6212611255256,12.3787388744744
"p_tfm",78,59.3916789456022,18.6083210543978
