"Sample","Actual","Predicted","Error"
"o_Naph",41,-8.99148872095936,49.9914887209594
"p_azide",19,23.5125257979939,-4.51252579799392
"p_Cl",29,24.9022216450227,4.09777835497732
"p_I",36,23.6925735314589,12.3074264685411
"p_SCF3",32,16.8301659326488,15.1698340673512
