"Sample","Actual","Predicted","Error"
"m_Br",58,78.3693775257232,-20.3693775257232
"m_Me",78,86.3202001627354,-8.32020016273542
"o_nitro",23,51.6349272380047,-28.6349272380047
"p_Cl",75,68.625029993487,6.37497000651295
"p_tfm",78,66.3554361856303,11.6445638143697
