"Sample","Actual","Predicted","Error"
"o_Naph",20,-16.0141812812086,36.0141812812086
"p_azide",70,49.5868736476674,20.4131263523326
"p_I",93,51.8531262982167,41.1468737017833
"p_Me",21,28.6787470099492,-7.67874700994917
"p_SCF3",73,84.3153987468577,-11.3153987468577
